archivo;title;titulo
amaral\1997.html;1997;1997
amaral\500_vidas.html;500 vidas;500 vidas
amaral\alerta.html;Alerta;Alerta
amaral\al_final.html;Al final;Al final
amaral\antartida.html;Antártida;Antártida
amaral\biarritz.html;Biarritz;Biarritz
amaral\bien_alta_la_mirada.html;Bien alta la mirada;Bien alta la mirada
amaral\big_bang.html;Big Bang;Big Bang
amaral\botas_de_terciopelo.html;Botas de terciopelo;Botas de terciopelo
amaral\cabecita_loca.html;Cabecita loca;Cabecita loca
amaral\cara_a_cara.html;Cara a cara;Cara a cara
amaral\cazador.html;Cazador;Cazador
amaral\chatarra.html;Chatarra;Chatarra
amaral\como_hablar.html;Cómo hablar;Cómo hablar
amaral\como_un_martillo_en_la_pared.html;Como un martillo en la pared;Como un martillo en la pared
amaral\concorde.html;Concorde;Concorde
amaral\confiar_en_alguien.html;Confiar en alguien;Confiar en alguien
amaral\cuando_suba_la_marea.html;Cuando suba la marea;Cuando suba la marea
amaral\deprisa.html;Deprisa;Deprisa
amaral\de_carne_y_hueso.html;De carne y hueso;De carne y hueso
amaral\de_la_noche_a_la_manana.html;De la noche a la mañana;De la noche a la mañana
amaral\dias_de_verano.html;Días de verano;Días de verano
amaral\dile_a_la_rabia.html;Dile a la rabia;Dile a la rabia
amaral\doce_palabras.html;Doce palabras;Doce palabras
amaral\el_artista_del_alambre.html;El artista del alambre;El artista del alambre
amaral\el_blues_de_la_generacion_perdida.html;El blues de la generación perdida;El blues de la generación perdida
amaral\el_centro_de_mis_ojos.html;El centro de mis ojos;El centro de mis ojos
amaral\el_dia_de_ano_nuevo.html;El día de año nuevo;El día de año nuevo
amaral\el_mundo_al_reves.html;El mundo al revés;El mundo al revés
amaral\el_universo_sobre_mi.html;El universo sobre mí;El universo sobre mí
amaral\enamorada.html;Enamorada;Enamorada
amaral\entre_la_multitud.html;Entre la multitud;Entre la multitud
amaral\en_el_rio.html;En el río;En el río
amaral\en_el_tiempo_equivocado.html;En el tiempo equivocado;En el tiempo equivocado
amaral\en_solo_un_segundo.html;En sólo un segundo;En sólo un segundo
amaral\escapar.html;Escapar;Escapar
amaral\esperando_un_resplandor.html;***Esperando un resplandor;***Esperando un resplandor
amaral\esta_madrugada.html;Esta madrugada;Esta madrugada
amaral\esta_noche.html;Esta noche;Esta noche
amaral\estrella_de_mar.html;Estrella de mar;Estrella de mar
amaral\es_solo_una_cancion.html;Es sólo una canción;Es sólo una canción
amaral\gato_negro.html;Gato negro;Gato negro
amaral\habla.html;***Habla;***Habla
amaral\hacia_lo_salvaje.html;Hacia lo salvaje;Hacia lo salvaje
amaral\halconera.html;Halconera;Halconera
amaral\hoy_es_el_principio_del_final.html;***Hoy es el principio del final;***Hoy es el principio del final
amaral\juguetes_rotos.html;Juguetes rotos;Juguetes rotos
amaral\kamikaze.html;Kamikaze;Kamikaze
amaral\laberintos.html;Laberintos;Laberintos
amaral\las_chicas_de_mi_barrio.html;Las chicas de mi barrio;Las chicas de mi barrio
amaral\las_puertas_del_infierno.html;Las puertas del infierno;Las puertas del infierno
amaral\la_barrera_del_sonido.html;La barrera del sonido;La barrera del sonido
amaral\la_ciudad_maldita.html;La ciudad maldita;La ciudad maldita
amaral\la_niebla.html;La niebla;La niebla
amaral\llevame_muy_lejos.html;Llévame muy lejos;Llévame muy lejos
amaral\lluvia.html;Lluvia;Lluvia
amaral\lo_que_nos_mantiene_unidos.html;Lo que nos mantiene unidos;Lo que nos mantiene unidos
amaral\lo_quiero_oir_de_tu_boca.html;Lo quiero oír de tu boca;Lo quiero oír de tu boca
amaral\mal_los_aviones_no_pueden_volar.html;***MAL Los aviones no pueden volar;***MAL Los aviones no pueden volar
amaral\mares_igual_que_tu.html;Mares igual que tú;Mares igual que tú
amaral\marta_sebas_guille_y_los_demas.html;Marta, Sebas, Guille y los demás;Marta, Sebas, Guille y los demás
amaral\mercado_negro.html;***Mercado negro;***Mercado negro
amaral\mi_alma_perdida.html;Mi alma perdida;Mi alma perdida
amaral\montana_rusa.html;***Montaña rusa;***Montaña rusa
amaral\moriria_por_vos.html;Moriría por vos;Moriría por vos
amaral\nada_de_nada.html;Nada de nada;Nada de nada
amaral\nadie_nos_recordara.html;Nadie nos recordará;Nadie nos recordará
amaral\noche_de_cuchillos.html;Noche de cuchillos;Noche de cuchillos
amaral\nocturnal.html;Nocturnal;Nocturnal
amaral\no_existen_los_milagros.html;***No existen los milagros;***No existen los milagros
amaral\no_sabe_adonde_va.html;No sabe adónde va;No sabe adónde va
amaral\no_se_que_hacer_con_mi_vida.html;No sé qué hacer con mi vida;No sé qué hacer con mi vida
amaral\no_soy_como_tu.html;No soy como tú;No soy como tú
amaral\olvido.html;Olvido;Olvido
amaral\perdoname.html;Perdóname;Perdóname
amaral\queda_el_silencio.html;***Queda el silencio;***Queda el silencio
amaral\que_sera.html;Qué será;Qué será
amaral\resurreccion.html;Resurrección;Resurrección
amaral\revolucion.html;Revolución;Revolución
amaral\riazor.html;Riazor;Riazor
amaral\robin_hood.html;Robin Hood;Robin Hood
amaral\rock_roll.html;Rock & Roll;Rock & Roll
amaral\rosa_de_la_paz.html;Rosa de la paz;Rosa de la paz
amaral\rosita.html;Rosita;Rosita
amaral\salir_corriendo.html;Salir corriendo;Salir corriendo
amaral\salta.html;Salta;Salta
amaral\siento_que_te_extrano.html;Siento que te extraño;Siento que te extraño
amaral\sin_ti_no_soy_nada.html;Sin ti no soy nada;Sin ti no soy nada
amaral\si_las_calles_pudieran_hablar.html;Si las calles pudieran hablar;Si las calles pudieran hablar
amaral\soy_lo_que_soy.html;Soy lo que soy;Soy lo que soy
amaral\subamos_al_cielo.html;Subamos al cielo;Subamos al cielo
amaral\tardes.html;Tardes;Tardes
amaral\tarde_de_domingo_rara.html;Tarde de domingo rara;Tarde de domingo rara
amaral\tarde_para_cambiar.html;Tarde para cambiar;Tarde para cambiar
amaral\te_necesito.html;Te necesito;Te necesito
amaral\titulo.html;Título;Título
amaral\toda_la_noche_en_la_calle.html;Toda la noche en la calle;Toda la noche en la calle
amaral\unas_veces_se_gana_y_otras_se_pierde.html;Unas veces se gana y otras se pierde;Unas veces se gana y otras se pierde
amaral\una_pequena_parte_del_mundo.html;Una pequeña parte del mundo;Una pequeña parte del mundo
amaral\un_dia_mas.html;Un día más;Un día más
amaral\van_como_locos.html;Van como locos;Van como locos
amaral\volvera_la_suerte.html;Volverá la suerte;Volverá la suerte
amaral\voy_a_acabar_contigo.html;Voy a acabar contigo;Voy a acabar contigo
andres_suarez\320_dias_hace_un_ano.html;320 días (Hace un año);320 días (Hace un año)
andres_suarez\6_4.html;6 + 4;6 + 4
andres_suarez\6_de_la_manana.html;6 de la mañana;6 de la mañana
andres_suarez\ahi_va_la_nina.html;Ahí va la niña;Ahí va la niña
andres_suarez\ahora_estara_en_paris.html;Ahora estará en París;Ahora estará en París
andres_suarez\ahora_ya_fue.html;Ahora ya fue;Ahora ya fue
andres_suarez\apenas_te_conozco.html;Apenas te conozco;Apenas te conozco
andres_suarez\asi_fue.html;Así fue;Así fue
andres_suarez\aun_te_recuerdo.html;Aún te recuerdo;Aún te recuerdo
andres_suarez\a_media_estrella.html;A media estrella;A media estrella
andres_suarez\a_traves_de_los_ojos.html;A través de los ojos;A través de los ojos
andres_suarez\benijo.html;Benijo;Benijo
andres_suarez\calella.html;Calella;Calella
andres_suarez\cazautor.html;Cazautor;Cazautor
andres_suarez\clasificados.html;Clasificados;Clasificados
andres_suarez\dama_que_pinta_en_el_sur.html;Dama que pinta en el sur;Dama que pinta en el sur
andres_suarez\desamiga.html;Desamiga;Desamiga
andres_suarez\desde_una_ventana.html;Desde una ventana;Desde una ventana
andres_suarez\despiertame.html;Despiértame;Despiértame
andres_suarez\dime_a_que_has_venido.html;Dime a qué has venido;Dime a qué has venido
andres_suarez\dublin.html;Dublín;Dublín
andres_suarez\el_cantante.html;El cantante;El cantante
andres_suarez\el_corazon_me_arde.html;El corazón me arde;El corazón me arde
andres_suarez\esta_vez_si_puedes.html;Esta vez, si puedes;Esta vez, si puedes
andres_suarez\estrellas.html;Estrellas;Estrellas
andres_suarez\hay_algo_mas.html;Hay algo más;Hay algo más
andres_suarez\imaginanos.html;Imagínanos;Imagínanos
andres_suarez\lavapies.html;Lavapiés;Lavapiés
andres_suarez\la_proxima_vez_en_lisboa.html;La próxima vez en Lisboa;La próxima vez en Lisboa
andres_suarez\la_vi_bailar_flamenco.html;La vi bailar flamenco;La vi bailar flamenco
andres_suarez\lo_malo_esta_en_el_aire.html;Lo malo está en el aire;Lo malo está en el aire
andres_suarez\lunatica.html;Lunática;Lunática
andres_suarez\luz_de_pregonda.html;Luz de pregonda;Luz de pregonda
andres_suarez\mas_de_un_36.html;Más de un 36;Más de un 36
andres_suarez\m_con_reproche.html;M con reproche;M con reproche
andres_suarez\necesitaba_un_vals_para_olvidarte.html;Necesitaba un vals para olvidarte;Necesitaba un vals para olvidarte
andres_suarez\nina.html;Nina;Nina
andres_suarez\no_digas_que_no_enrique_urquijo.html;No digas que no (Enrique Urquijo);No digas que no (Enrique Urquijo)
andres_suarez\no_dire.html;No diré;No diré
andres_suarez\no_fue_mentira_sofia_ellar.html;No fue mentira (Sofía Ellar);No fue mentira (Sofía Ellar)
andres_suarez\no_me_queda_un_abril_para_ti.html;No me queda un abril para ti;No me queda un abril para ti
andres_suarez\no_saben_de_ti.html;No saben de ti;No saben de ti
andres_suarez\no_te_quiero_tanto.html;No te quiero tanto;No te quiero tanto
andres_suarez\numeros_cardinales.html;Números cardinales;Números cardinales
andres_suarez\ojala.html;Ojalá;Ojalá
andres_suarez\pequena_historia_de_marina.html;Pequeña historia de Marina;Pequeña historia de Marina
andres_suarez\perdon_por_los_bailes.html;Perdón por los bailes;Perdón por los bailes
andres_suarez\piedras_y_charcos.html;Piedras y charcos;Piedras y charcos
andres_suarez\propongo.html;Propongo;Propongo
andres_suarez\que_levante_la_mano.html;Que levante la mano;Que levante la mano
andres_suarez\rosa_y_manuel.html;Rosa y Manuel;Rosa y Manuel
andres_suarez\sargento_de_hierro.html;Sargento de hierro;Sargento de hierro
andres_suarez\seis_caricias.html;Seis caricias;Seis caricias
andres_suarez\serrat_2015.html;Serrat 2015;Serrat 2015
andres_suarez\sin_saber_decir.html;Sin saber decir;Sin saber decir
andres_suarez\si_la_veis.html;Si la veis;Si la veis
andres_suarez\si_llueve_en_sevilla.html;Si llueve en Sevilla;Si llueve en Sevilla
andres_suarez\su_romeo.html;Su Romeo;Su Romeo
andres_suarez\tal_vez_te_acuerdes_de_mi.html;Tal vez te acuerdes de mí;Tal vez te acuerdes de mí
andres_suarez\tengo_26.html;Tengo 26;Tengo 26
andres_suarez\te_di_vida_y_media.html;Te di vida y media;Te di vida y media
andres_suarez\te_doy_media_noche.html;Te doy media noche;Te doy media noche
andres_suarez\te_vas.html;Te vas;Te vas
andres_suarez\te_va_a_pasar.html;Te va a pasar;Te va a pasar
andres_suarez\todavia_puedo_oirte.html;Todavía puedo oírte;Todavía puedo oírte
andres_suarez\una_noche_de_verano.html;Una noche de verano;Una noche de verano
andres_suarez\un_solo_dia.html;Un solo día;Un solo día
andres_suarez\venecia_ainoa_buitrago.html;Venecia (Ainoa Buitrago);Venecia (Ainoa Buitrago)
andres_suarez\volar_sin_ti.html;Volar sin ti;Volar sin ti
andres_suarez\voy_a_volver_a_quererte.html;Voy a volver a quererte;Voy a volver a quererte
andres_suarez\vuelve.html;Vuelve;Vuelve
andres_suarez\walt_disney.html;Walt Disney;Walt Disney
andres_suarez\y_sigas_sin_saber_lo_que_es_amor.html;Y sigas sin saber lo que es amor;Y sigas sin saber lo que es amor
ella_baila_sola\algo_personal.html;Algo personal;Algo personal
ella_baila_sola\amores_de_barra.html;Amores de barra;Amores de barra
ella_baila_sola\ay_de_ti_ay_de_mi_luis_eduardo_aute.html;Ay de ti, ay de mí (Luis Eduardo Aute);Ay de ti, ay de mí (Luis Eduardo Aute)
ella_baila_sola\a_mi_ritmo.html;A mi ritmo;A mi ritmo
ella_baila_sola\baldosas.html;Baldosas;Baldosas
ella_baila_sola\besos_de_hielo.html;Besos de hielo;Besos de hielo
ella_baila_sola\beso_eterno.html;Beso eterno;Beso eterno
ella_baila_sola\calor_que_dar.html;Calor que dar;Calor que dar
ella_baila_sola\claro_que_hace_falta_hablar.html;Claro que hace falta hablar;Claro que hace falta hablar
ella_baila_sola\como_repartimos_los_amigos.html;Cómo repartimos los amigos;Cómo repartimos los amigos
ella_baila_sola\confianza.html;Confianza;Confianza
ella_baila_sola\contigo_me_cruzo_deprisa.html;Contigo me cruzo deprisa;Contigo me cruzo deprisa
ella_baila_sola\cuando_los_sapos_bailen_flamenco.html;Cuando los sapos bailen flamenco;Cuando los sapos bailen flamenco
ella_baila_sola\despidete.html;Despídete;Despídete
ella_baila_sola\disimulando.html;Disimulando;Disimulando
ella_baila_sola\donde_mas_lejos.html;Donde más lejos;Donde más lejos
ella_baila_sola\ella_baila_sola.html;Ella baila sola;Ella baila sola
ella_baila_sola\el_tiempo_de_mi_felicidad.html;El tiempo de mi felicidad;El tiempo de mi felicidad
ella_baila_sola\entra.html;Entra;Entra
ella_baila_sola\entre_tu_cuarto_y_el_mio.html;Entre tu cuarto y el mío;Entre tu cuarto y el mío
ella_baila_sola\en_medio.html;En medio;En medio
ella_baila_sola\infinito.html;Infinito;Infinito
ella_baila_sola\junta_los_dedos.html;Junta los dedos;Junta los dedos
ella_baila_sola\la_parada_del_6.html;La parada del 6;La parada del 6
ella_baila_sola\la_patera.html;La patera;La patera
ella_baila_sola\la_silla_marcada.html;La silla marcada;La silla marcada
ella_baila_sola\lo_echamos_a_suertes.html;Lo echamos a suertes;Lo echamos a suertes
ella_baila_sola\mal_hotel.html;Mal hotel;Mal hotel
ella_baila_sola\mejor_sin_ti.html;Mejor sin ti;Mejor sin ti
ella_baila_sola\mientras_mueves_el_arroz.html;Mientras mueves el arroz;Mientras mueves el arroz
ella_baila_sola\muere_el_silencio.html;Muere el silencio;Muere el silencio
ella_baila_sola\mujer_florero.html;Mujer florero;Mujer florero
ella_baila_sola\nacer_para_encontrarte.html;Nacer para encontrarte;Nacer para encontrarte
ella_baila_sola\no_lo_vuelvas_a_hacer.html;No lo vuelvas a hacer;No lo vuelvas a hacer
ella_baila_sola\no_todo_esta_perdido.html;No todo está perdido;No todo está perdido
ella_baila_sola\parece_mentira.html;Parece mentira;Parece mentira
ella_baila_sola\por_ti.html;Por ti;Por ti
ella_baila_sola\que_se_me_va_de_las_manos.html;Que se me va de las manos;Que se me va de las manos
ella_baila_sola\que_se_te_escapa_el_negro.html;Que se te escapa el negro;Que se te escapa el negro
ella_baila_sola\seguro_que_si.html;Seguro que sí;Seguro que sí
ella_baila_sola\sentir.html;Sentir;Sentir
ella_baila_sola\sin_confesarlo_todo.html;Sin confesarlo todo;Sin confesarlo todo
ella_baila_sola\solo_he_perdido_un_minuto_contigo.html;Sólo he perdido un minuto contigo;Sólo he perdido un minuto contigo
ella_baila_sola\suelo_de_canicas.html;Suelo de canicas;Suelo de canicas
ella_baila_sola\superviviente.html;Superviviente;Superviviente
ella_baila_sola\tequila.html;Tequila;Tequila
ella_baila_sola\te_vas.html;Te vas;Te vas
ella_baila_sola\tiene_sentido_creer.html;Tiene sentido creer;Tiene sentido creer
ella_baila_sola\victoria.html;Victoria;Victoria
ella_baila_sola\ya_esta_bien.html;Ya está bien;Ya está bien
ella_baila_sola\y_quisiera.html;Y quisiera;Y quisiera
el_canto_del_loco\acabado_en_a.html;Acabado en A;Acabado en A
el_canto_del_loco\anos_80.html;Años 80;Años 80
el_canto_del_loco\aquellas_pequenas_cosas.html;Aquellas pequeñas cosas;Aquellas pequeñas cosas
el_canto_del_loco\aquellos_anos_locos.html;Aquellos años locos;Aquellos años locos
el_canto_del_loco\aunque_tu_no_lo_sepas.html;Aunque tú no lo sepas;Aunque tú no lo sepas
el_canto_del_loco\a_contracorriente.html;A contracorriente;A contracorriente
el_canto_del_loco\besos.html;Besos;Besos
el_canto_del_loco\busco_la_vida.html;Busco la vida;Busco la vida
el_canto_del_loco\canciones.html;Canciones;Canciones
el_canto_del_loco\como_un_perro_ladrando.html;Como un perro ladrando;Como un perro ladrando
el_canto_del_loco\contigo.html;Contigo;Contigo
el_canto_del_loco\corazon.html;Corazón;Corazón
el_canto_del_loco\crash.html;Crash;Crash
el_canto_del_loco\dentro_de_mi.html;Dentro de mí;Dentro de mí
el_canto_del_loco\desaparece.html;Desaparece;Desaparece
el_canto_del_loco\despiertame.html;Despiértame;Despiértame
el_canto_del_loco\eh_tu.html;Eh, tú;Eh, tú
el_canto_del_loco\el_agricultor.html;El agricultor;El agricultor
el_canto_del_loco\el_pescao.html;El pescao;El pescao
el_canto_del_loco\equis.html;Equis;Equis
el_canto_del_loco\eres_tonto.html;Eres tonto;Eres tonto
el_canto_del_loco\eres_un_canalla.html;Eres un canalla;Eres un canalla
el_canto_del_loco\feo_fuerte_y_formal.html;Feo, fuerte y formal;Feo, fuerte y formal
el_canto_del_loco\fin_de_semana.html;Fin de semana;Fin de semana
el_canto_del_loco\gigante.html;Gigante;Gigante
el_canto_del_loco\gracias.html;Gracias;Gracias
el_canto_del_loco\he_vuelto_a_caer.html;He vuelto a caer;He vuelto a caer
el_canto_del_loco\insoportable.html;Insoportable;Insoportable
el_canto_del_loco\laura.html;Laura;Laura
el_canto_del_loco\la_casa_de_la_bomba.html;La casa de la bomba;La casa de la bomba
el_canto_del_loco\la_madre_de_jose.html;La madre de José;La madre de José
el_canto_del_loco\la_suerte_de_mi_vida.html;La suerte de mi vida;La suerte de mi vida
el_canto_del_loco\la_vida.html;La vida;La vida
el_canto_del_loco\llueve_en_mi.html;Llueve en mí;Llueve en mí
el_canto_del_loco\mejor_los_brincos.html;Mejor (Los Brincos);Mejor (Los Brincos)
el_canto_del_loco\nada_de_nada.html;Nada de nada;Nada de nada
el_canto_del_loco\no_puedo_vivir_sin_ti_los_ronaldos.html;No puedo vivir sin ti (Los Ronaldos);No puedo vivir sin ti (Los Ronaldos)
el_canto_del_loco\no_quiero_nada.html;No quiero nada;No quiero nada
el_canto_del_loco\no_voy_a_parar.html;No voy a parar;No voy a parar
el_canto_del_loco\otra_vez.html;Otra vez;Otra vez
el_canto_del_loco\para_siempre.html;Para siempre;Para siempre
el_canto_del_loco\pasion.html;Pasión;Pasión
el_canto_del_loco\pequenita.html;Pequeñita;Pequeñita
el_canto_del_loco\personas.html;Personas;Personas
el_kanka\alquitran_y_carmin.html;Alquitrán y carmín;Alquitrán y carmín
el_kanka\andalucia.html;Andalucía;Andalucía
el_kanka\ante_la_duda.html;Ante la duda;Ante la duda
el_kanka\autorretrato.html;Autorretrato;Autorretrato
el_kanka\ay_vida_mia.html;Ay, vida mía;Ay, vida mía
el_kanka\a_desobedecer.html;A desobedecer;A desobedecer
el_kanka\a_dieta_de_dietas.html;A dieta de dietas;A dieta de dietas
el_kanka\baladi.html;Baladí;Baladí
el_kanka\busquese_una_vida.html;Búsquese una vida;Búsquese una vida
el_kanka\cancion_de_adios.html;Canción de adiós;Canción de adiós
el_kanka\cancion_final.html;Canción final;Canción final
el_kanka\canela_en_rama.html;Canela en rama;Canela en rama
el_kanka\confesion.html;Confesión;Confesión
el_kanka\contigo.html;Contigo;Contigo
el_kanka\con_el_permiso_de_ustedes.html;Con el permiso de ustedes;Con el permiso de ustedes
el_kanka\con_las_ganas.html;Con las ganas;Con las ganas
el_kanka\cosas_de_los_vivientes.html;Cosas de los vivientes;Cosas de los vivientes
el_kanka\del_miercoles_al_martes.html;Del miércoles al martes;Del miércoles al martes
el_kanka\demasiada_pasion.html;Demasiada pasión;Demasiada pasión
el_kanka\desde_lejos.html;Desde lejos;Desde lejos
el_kanka\despues_de_esta_manana.html;Después de esta mañana;Después de esta mañana
el_kanka\de_los_errores_se_aprende.html;De los errores se aprende;De los errores se aprende
el_kanka\el_anfitrion.html;El anfitrión;El anfitrión
el_kanka\el_dia_de_suerte_de_pierre_nodoyuna.html;El día de suerte de Pierre Nodoyuna;El día de suerte de Pierre Nodoyuna
el_kanka\eres.html;Eres;Eres
el_kanka\espero_que_disfruten_de_mi_sufrimiento.html;Espero que disfruten de mi sufrimiento;Espero que disfruten de mi sufrimiento
el_kanka\guapas_y_guapos.html;Guapas y guapos;Guapas y guapos
el_kanka\instrucciones_para_bailar_un_vals.html;Instrucciones para bailar un vals;Instrucciones para bailar un vals
el_kanka\la_senda.html;La senda;La senda
el_kanka\llamame_fino.html;Llámame fino;Llámame fino
el_kanka\lo_mal_que_estoy_y_lo_poco_que_me_quejo.html;Lo mal que estoy y lo poco que me quejo;Lo mal que estoy y lo poco que me quejo
el_kanka\me_alegra_la_vista.html;Me alegra la vista;Me alegra la vista
el_kanka\me_gusta.html;Me gusta;Me gusta
el_kanka\nana_para_noam.html;Nana para Noam;Nana para Noam
el_kanka\noche.html;Noche;Noche
el_kanka\no_jodan_la_marrana.html;No jodan la marrana;No jodan la marrana
el_kanka\no_se_dice_suerte.html;No se dice suerte;No se dice suerte
el_kanka\no_te_veo_gozar.html;No te veo gozar;No te veo gozar
el_kanka\o_algo.html;O algo;O algo
el_kanka\pagafantas.html;Pagafantas;Pagafantas
el_kanka\para_eso_canto.html;Para eso canto;Para eso canto
el_kanka\para_quedarte.html;Para quedarte;Para quedarte
el_kanka\para_vivir.html;Para vivir;Para vivir
el_kanka\payaso.html;Payaso;Payaso
el_kanka\por_matar_un_gato.html;Por matar un gato;Por matar un gato
el_kanka\por_tu_olor.html;Por tu olor;Por tu olor
el_kanka\prefiero_amar_luis_eduardo_aute.html;Prefiero amar (Luis Eduardo Aute);Prefiero amar (Luis Eduardo Aute)
el_kanka\propositos_de_ano_nuevo.html;Propósitos de año nuevo;Propósitos de año nuevo
el_kanka\pudo_pasar.html;Pudo pasar;Pudo pasar
el_kanka\querria.html;Querría;Querría
el_kanka\que_bello_es_vivir.html;Qué bello es vivir;Qué bello es vivir
el_kanka\quien_me_mandaba_a_mi.html;Quién me mandaba a mí;Quién me mandaba a mí
el_kanka\refunk.html;Refunk;Refunk
el_kanka\rin_rin.html;Rin rin;Rin rin
el_kanka\senales_de_humo.html;Señales de humo;Señales de humo
el_kanka\si_que_puedes.html;Sí que puedes;Sí que puedes
el_kanka\tarde.html;***Tarde;***Tarde
el_kanka\tienes_que_saltar.html;Tienes que saltar;Tienes que saltar
el_kanka\triste_trofeo.html;Triste trofeo;Triste trofeo
el_kanka\tu_opinion.html;Tu opinión;Tu opinión
el_kanka\una_cancion_que_destrozar.html;Una canción que destrozar;Una canción que destrozar
el_kanka\vengas_cuando_vengas.html;Vengas cuando vengas;Vengas cuando vengas
el_kanka\vente.html;Vente;Vente
el_kanka\vente_a_vivir_conmigo.html;Vente a vivir conmigo;Vente a vivir conmigo
el_kanka\volar.html;Volar;Volar
el_kanka\youtuber.html;Youtuber;Youtuber
joaquin_sabina\1968.html;1968;1968
joaquin_sabina\19_dias_y_500_noches.html;19 días y 500 noches;19 días y 500 noches
joaquin_sabina\40_orsett_terrace.html;40 Orsett Terrace;40 Orsett Terrace
joaquin_sabina\69_punto_g.html;69 punto G;69 punto G
joaquin_sabina\acuerdate_de_mi_joan_manuel_serrat.html;Acuérdate de mí (Joan Manuel Serrat);Acuérdate de mí (Joan Manuel Serrat)
joaquin_sabina\agua_pasada.html;Agua pasada;Agua pasada
joaquin_sabina\ahora_que.html;Ahora que;Ahora que
joaquin_sabina\al_ladron_al_ladron.html;Al ladrón, al ladrón;Al ladrón, al ladrón
joaquin_sabina\amores_eternos.html;Amores eternos;Amores eternos
joaquin_sabina\amor_se_llama_el_juego.html;Amor se llama el juego;Amor se llama el juego
joaquin_sabina\arenas_movedizas.html;Arenas movedizas;Arenas movedizas
joaquin_sabina\asi_estoy_yo_sin_ti.html;Así estoy yo sin ti;Así estoy yo sin ti
joaquin_sabina\aves_de_paso.html;Aves de paso;Aves de paso
joaquin_sabina\ay_carmela.html;Ay, Carmela;Ay, Carmela
joaquin_sabina\ay_rocio.html;Ay, Rocío;Ay, Rocío
joaquin_sabina\a_la_orilla_de_la_chimenea.html;A la orilla de la chimenea;A la orilla de la chimenea
joaquin_sabina\a_mis_cuarenta_y_diez.html;A mis cuarenta y diez;A mis cuarenta y diez
joaquin_sabina\a_ti_que_te_lo_haces.html;A ti que te lo haces;A ti que te lo haces
joaquin_sabina\balada_de_tolito.html;Balada de Tolito;Balada de Tolito
joaquin_sabina\barbi_superstar.html;Barbi superstar;Barbi superstar
joaquin_sabina\besos_con_sal.html;Besos con sal;Besos con sal
joaquin_sabina\besos_de_judas.html;Besos de Judas;Besos de Judas
joaquin_sabina\besos_en_la_frente.html;Besos en la frente;Besos en la frente
joaquin_sabina\blues_del_alambique.html;Blues del alambique;Blues del alambique
joaquin_sabina\bruja.html;Bruja;Bruja
joaquin_sabina\buenos_aires.html;Buenos Aires;Buenos Aires
joaquin_sabina\caballo_de_carton.html;Caballo de cartón;Caballo de cartón
joaquin_sabina\calle_melancolia.html;Calle melancolía;Calle melancolía
joaquin_sabina\camas_vacias.html;Camas vacías;Camas vacías
joaquin_sabina\cancion_de_navidad.html;Canción de Navidad;Canción de Navidad
joaquin_sabina\cancion_de_primavera.html;Canción de primavera;Canción de primavera
joaquin_sabina\cancion_para_las_manos_de_un_soldado.html;Canción para las manos de un soldado;Canción para las manos de un soldado
joaquin_sabina\carguen_apunten_fuego.html;Carguen, apunten, fuego;Carguen, apunten, fuego
joaquin_sabina\cerrado_por_derribo.html;Cerrado por derribo;Cerrado por derribo
joaquin_sabina\churumbelas.html;Churumbelas;Churumbelas
joaquin_sabina\circulos_viciosos.html;Círculos viciosos;Círculos viciosos
joaquin_sabina\ciudadano_cero.html;Ciudadano cero;Ciudadano cero
joaquin_sabina\como_un_dolor_de_muelas.html;Como un dolor de muelas;Como un dolor de muelas
joaquin_sabina\como_un_explorador.html;Como un explorador;Como un explorador
joaquin_sabina\conductores_suicidas.html;Conductores suicidas;Conductores suicidas
joaquin_sabina\contigo.html;Contigo;Contigo
joaquin_sabina\contrabando.html;Contrabando;Contrabando
joaquin_sabina\contra_todo_pronostico.html;Contra todo pronóstico;Contra todo pronóstico
joaquin_sabina\con_la_frente_marchita.html;Con la frente marchita;Con la frente marchita
joaquin_sabina\con_lo_que_eso_duele.html;Con lo que eso duele;Con lo que eso duele
joaquin_sabina\con_un_par.html;Con un par;Con un par
joaquin_sabina\corre_dijo_la_tortuga.html;Corre, dijo la tortuga;Corre, dijo la tortuga
joaquin_sabina\crisis.html;Crisis;Crisis
joaquin_sabina\cristales_de_bohemia.html;Cristales de Bohemia;Cristales de Bohemia
joaquin_sabina\cuando_aprieta_el_frio.html;Cuando aprieta el frío;Cuando aprieta el frío
joaquin_sabina\cuando_era_mas_joven.html;Cuando era más joven;Cuando era más joven
joaquin_sabina\cuando_me_hablan_del_destino.html;Cuando me hablan del destino;Cuando me hablan del destino
joaquin_sabina\cuenta_conmigo.html;Cuenta conmigo;Cuenta conmigo
joaquin_sabina\cuernos.html;Cuernos;Cuernos
joaquin_sabina\despues_de_los_despueses.html;Después de los despueses;Después de los despueses
joaquin_sabina\de_purisima_y_oro.html;De purísima y oro;De purísima y oro
joaquin_sabina\dieguitos_y_mafaldas.html;Dieguitos y mafaldas;Dieguitos y mafaldas
joaquin_sabina\donde_habita_el_olvido.html;Donde habita el olvido;Donde habita el olvido
joaquin_sabina\dos_horas_despues.html;Dos horas después;Dos horas después
joaquin_sabina\eclipse_de_mar.html;Eclipse de mar;Eclipse de mar
joaquin_sabina\eh_sabina.html;Eh, Sabina;Eh, Sabina
joaquin_sabina\el_blues_de_lo_que_pasa_en_mi_escalera.html;El blues de lo que pasa en mi escalera;El blues de lo que pasa en mi escalera
joaquin_sabina\el_cafe_de_nicanor.html;El café de Nicanor;El café de Nicanor
joaquin_sabina\el_capitan_de_su_calle.html;El capitán de su calle;El capitán de su calle
joaquin_sabina\el_caso_de_la_rubia_platino.html;El caso de la rubia platino;El caso de la rubia platino
joaquin_sabina\el_joven_aprendiz_de_pintor.html;El joven aprendiz de pintor;El joven aprendiz de pintor
joaquin_sabina\el_muro_de_berlin.html;El muro de Berlín;El muro de Berlín
joaquin_sabina\el_rocanrol_de_los_idiotas.html;El rocanrol de los idiotas;El rocanrol de los idiotas
joaquin_sabina\embustera.html;Embustera;Embustera
joaquin_sabina\esta_boca_es_mia.html;Esta boca es mía;Esta boca es mía
joaquin_sabina\esta_noche_contigo.html;Esta noche contigo;Esta noche contigo
joaquin_sabina\es_mentira.html;Es mentira;Es mentira
joaquin_sabina\eva_tomando_el_sol.html;Eva tomando el sol;Eva tomando el sol
joaquin_sabina\flores_en_su_entierro.html;Flores en su entierro;Flores en su entierro
joaquin_sabina\ganas_de.html;Ganas de;Ganas de
joaquin_sabina\guerra_mundial.html;Guerra mundial;Guerra mundial
joaquin_sabina\guisqui_sin_soda.html;Güisqui sin soda;Güisqui sin soda
joaquin_sabina\gulliver.html;Gulliver;Gulliver
joaquin_sabina\hotel_dulce_hotel.html;Hotel, dulce hotel;Hotel, dulce hotel
joaquin_sabina\hoy_por_ti_manana_por_mi.html;Hoy por ti, mañana por mí;Hoy por ti, mañana por mí
joaquin_sabina\incluso_en_estos_tiempos.html;Incluso en estos tiempos;Incluso en estos tiempos
joaquin_sabina\incompatibilidad_de_caracteres.html;Incompatibilidad de caracteres;Incompatibilidad de caracteres
joaquin_sabina\inventario.html;Inventario;Inventario
joaquin_sabina\juegos_de_azar.html;Juegos de azar;Juegos de azar
joaquin_sabina\jugar_por_jugar.html;Jugar por jugar;Jugar por jugar
joaquin_sabina\lagrimas_de_marmol.html;Lágrimas de mármol;Lágrimas de mármol
joaquin_sabina\lagrimas_de_plastico_azul.html;Lágrimas de plástico azul;Lágrimas de plástico azul
joaquin_sabina\las_noches_de_domingo_acaban_mal.html;Las noches de domingo acaban mal;Las noches de domingo acaban mal
joaquin_sabina\lazaro.html;Lázaro;Lázaro
joaquin_sabina\la_biblia_y_el_calefon.html;La Biblia y el calefón;La Biblia y el calefón
joaquin_sabina\la_cancion_de_las_noches_perdidas.html;La canción de las noches perdidas;La canción de las noches perdidas
joaquin_sabina\la_cancion_de_los_buenos_borrachos.html;La canción de los buenos borrachos;La canción de los buenos borrachos
joaquin_sabina\la_cancion_mas_hermosa_del_mundo.html;La canción más hermosa del mundo;La canción más hermosa del mundo
joaquin_sabina\la_casa_por_la_ventana.html;La casa por la ventana;La casa por la ventana
joaquin_sabina\la_del_pirata_cojo.html;La del pirata cojo;La del pirata cojo
joaquin_sabina\la_orquesta_del_titanic.html;La orquesta del Titanic;La orquesta del Titanic
joaquin_sabina\la_vida_moderna.html;La vida moderna;La vida moderna
joaquin_sabina\leningrado.html;Leningrado;Leningrado
joaquin_sabina\locos_de_atar.html;Locos de atar;Locos de atar
joaquin_sabina\los_cuentos_que_yo_cuento.html;Los cuentos que yo cuento;Los cuentos que yo cuento
joaquin_sabina\los_perros_del_amanecer.html;Los perros del amanecer;Los perros del amanecer
joaquin_sabina\lo_niego_todo.html;Lo niego todo;Lo niego todo
joaquin_sabina\maldito_blues.html;Maldito blues;Maldito blues
joaquin_sabina\manual_para_heroes_o_canallas.html;Manual para héroes o canallas;Manual para héroes o canallas
joaquin_sabina\mas_de_cien_mentiras.html;Más de cien mentiras;Más de cien mentiras
joaquin_sabina\mater_espana.html;Mater España;Mater España
joaquin_sabina\medias_negras.html;Medias negras;Medias negras
joaquin_sabina\menos_dos_alas.html;Menos dos alas;Menos dos alas
joaquin_sabina\mentiras_piadosas.html;Mentiras piadosas;Mentiras piadosas
joaquin_sabina\me_pido_primer.html;Me pido primer;Me pido primer
joaquin_sabina\mi_amigo_satan.html;Mi amigo Satán;Mi amigo Satán
joaquin_sabina\mi_primo_el_nano.html;Mi primo el Nano;Mi primo el Nano
joaquin_sabina\mi_vecino_de_arriba.html;Mi vecino de arriba;Mi vecino de arriba
joaquin_sabina\monica.html;Mónica;Mónica
joaquin_sabina\mujeres_fatal.html;Mujeres fatal;Mujeres fatal
joaquin_sabina\nacidos_para_perder.html;Nacidos para perder;Nacidos para perder
joaquin_sabina\negra_noche.html;Negra noche;Negra noche
joaquin_sabina\noches_de_boda.html;Noches de boda;Noches de boda
joaquin_sabina\nombres_impropios.html;Nombres impropios;Nombres impropios
joaquin_sabina\nos_sobran_los_motivos.html;Nos sobran los motivos;Nos sobran los motivos
joaquin_sabina\no_me_importa_nada_luz_casal.html;No me importa nada (Luz Casal);No me importa nada (Luz Casal)
joaquin_sabina\no_permita_la_virgen.html;No permita la Virgen;No permita la Virgen
joaquin_sabina\no_tan_deprisa.html;No tan deprisa;No tan deprisa
joaquin_sabina\nube_negra.html;Nube negra;Nube negra
joaquin_sabina\numeros_rojos.html;Números rojos;Números rojos
joaquin_sabina\ocupen_su_localidad.html;Ocupen su localidad;Ocupen su localidad
joaquin_sabina\oiga_doctor.html;Oiga, doctor;Oiga, doctor
joaquin_sabina\pacto_entre_caballeros.html;Pacto entre caballeros;Pacto entre caballeros
joaquin_sabina\paisanaje.html;Paisanaje;Paisanaje
joaquin_sabina\pajaros_de_portugal.html;Pájaros de Portugal;Pájaros de Portugal
joaquin_sabina\palabras_como_cuerpos.html;Palabras como cuerpos;Palabras como cuerpos
joaquin_sabina\parte_meteorologico.html;Parte meteorológico;Parte meteorológico
joaquin_sabina\pastillas_para_no_sonar.html;Pastillas para no soñar;Pastillas para no soñar
joaquin_sabina\peces_de_ciudad.html;Peces de ciudad;Peces de ciudad
joaquin_sabina\peligro_de_incendio.html;Peligro de incendio;Peligro de incendio
joaquin_sabina\peor_para_el_sol.html;Peor para el sol;Peor para el sol
joaquin_sabina\pero_que_hermosas_eran.html;Pero qué hermosas eran;Pero qué hermosas eran
joaquin_sabina\pie_de_guerra.html;Pie de guerra;Pie de guerra
joaquin_sabina\pisa_el_acelerador.html;Pisa el acelerador;Pisa el acelerador
joaquin_sabina\pobre_cristina.html;Pobre Cristina;Pobre Cristina
joaquin_sabina\pongamos_que_hablo_de_madrid.html;Pongamos que hablo de Madrid;Pongamos que hablo de Madrid
joaquin_sabina\por_delicadeza.html;Por delicadeza;Por delicadeza
joaquin_sabina\por_el_bulevar_de_los_suenos_rotos.html;Por el bulevar de los sueños rotos;Por el bulevar de los sueños rotos
joaquin_sabina\por_el_tunel.html;Por el túnel;Por el túnel
joaquin_sabina\postal_de_la_habana.html;Postal de La Habana;Postal de La Habana
joaquin_sabina\postdata.html;Postdata;Postdata
joaquin_sabina\princesa.html;Princesa;Princesa
joaquin_sabina\quedate_a_dormir.html;Quédate a dormir;Quédate a dormir
joaquin_sabina\que_demasiao.html;Qué demasiao;Qué demasiao
joaquin_sabina\que_estoy_haciendo_aqui.html;Qué estoy haciendo aquí;Qué estoy haciendo aquí
joaquin_sabina\que_se_llama_soledad.html;Que se llama Soledad;Que se llama Soledad
joaquin_sabina\quien_mas_quien_menos.html;Quien más, quien menos;Quien más, quien menos
joaquin_sabina\quien_me_ha_robado_el_mes_de_abril.html;Quién me ha robado el mes de abril;Quién me ha robado el mes de abril
joaquin_sabina\rebajas_de_enero.html;Rebajas de enero;Rebajas de enero
joaquin_sabina\resumiendo.html;Resumiendo;Resumiendo
joaquin_sabina\ring_ring_ring.html;Ring, ring, ring;Ring, ring, ring
joaquin_sabina\ruido.html;Ruido;Ruido
joaquin_sabina\seis_de_la_manana.html;Seis de la mañana;Seis de la mañana
joaquin_sabina\seis_tequilas.html;Seis tequilas;Seis tequilas
joaquin_sabina\siete_crisantemos.html;Siete crisantemos;Siete crisantemos
joaquin_sabina\sintiendolo_mucho.html;Sintiéndolo mucho;Sintiéndolo mucho
joaquin_sabina\sin_pena_ni_gloria.html;Sin pena ni gloria;Sin pena ni gloria
joaquin_sabina\tango_del_quinielista.html;Tango del quinielista;Tango del quinielista
joaquin_sabina\tan_joven_y_tan_viejo.html;Tan joven y tan viejo;Tan joven y tan viejo
joaquin_sabina\tiramisu_de_limon.html;Tiramisú de limón;Tiramisú de limón
joaquin_sabina\todavia_una_cancion_de_amor.html;Todavía una canción de amor;Todavía una canción de amor
joaquin_sabina\todos_menos_tu.html;Todos menos tú;Todos menos tú
joaquin_sabina\una_cancion_para_la_magdalena.html;Una canción para la Magdalena;Una canción para la Magdalena
joaquin_sabina\una_de_romanos.html;Una de romanos;Una de romanos
joaquin_sabina\vamonos_pal_sur.html;Vámonos pal sur;Vámonos pal sur
joaquin_sabina\vinagre_y_rosas.html;Vinagre y rosas;Vinagre y rosas
joaquin_sabina\violetas_para_violeta.html;Violetas para Violeta;Violetas para Violeta
joaquin_sabina\virgen_de_la_amargura.html;Virgen de la amargura;Virgen de la amargura
joaquin_sabina\viridiana.html;Viridiana;Viridiana
joaquin_sabina\viudita_de_clicquot.html;Viudita de Clicquot;Viudita de Clicquot
joaquin_sabina\yo_me_bajo_en_atocha.html;Yo me bajo en Atocha;Yo me bajo en Atocha
joaquin_sabina\yo_quiero_ser_una_chica_almodovar.html;Yo quiero ser una chica almodóvar;Yo quiero ser una chica almodóvar
joaquin_sabina\yo_tambien_se_jugarme_la_boca.html;Yo también sé jugarme la boca;Yo también sé jugarme la boca
joaquin_sabina\y_nos_dieron_las_diez.html;Y nos dieron las diez;Y nos dieron las diez
joaquin_sabina\y_sin_embargo.html;Y sin embargo;Y sin embargo
joaquin_sabina\y_sin_embargo_intro.html;Y sin embargo (intro);Y sin embargo (intro)
joaquin_sabina\y_si_amanece_por_fin.html;Y si amanece por fin;Y si amanece por fin
leiva\92.html;92;92
leiva\afuera_en_la_ciudad.html;Afuera en la ciudad;Afuera en la ciudad
leiva\anticiclon_ivan_ferreiro.html;Anticiclón (Iván Ferreiro);Anticiclón (Iván Ferreiro)
leiva\aunque_sea_un_rato.html;Aunque sea un rato;Aunque sea un rato
leiva\a_medio_centimetro.html;A medio centímetro;A medio centímetro
leiva\a_ti_te_ocurre_algo.html;A ti te ocurre algo;A ti te ocurre algo
leiva\blancos_faciles.html;Blancos fáciles;Blancos fáciles
leiva\breaking_bad.html;Breaking Bad;Breaking Bad
leiva\cerca.html;Cerca;Cerca
leiva\ciencia_ficcion.html;Ciencia ficción;Ciencia ficción
leiva\como_si_fueras_a_morir_manana.html;Como si fueras a morir mañana;Como si fueras a morir mañana
leiva\con_el_panuelo_en_los_ojos.html;Con el pañuelo en los ojos;Con el pañuelo en los ojos
leiva\costa_de_oaxaca.html;Costa de Oaxaca;Costa de Oaxaca
leiva\cuando_te_muerdes_el_labio.html;Cuando te muerdes el labio;Cuando te muerdes el labio
leiva\dejandose_caer.html;Dejándose caer;Dejándose caer
leiva\del_hueso_una_flor.html;Del hueso una flor;Del hueso una flor
leiva\diazepam.html;Diazepam;Diazepam
leiva\electricidad.html;Electricidad;Electricidad
leiva\el_gigante_de_big_fish.html;El gigante de Big Fish;El gigante de Big Fish
leiva\el_ultimo_incendio.html;El último incendio;El último incendio
leiva\eme.html;Eme;Eme
leiva\en_el_espacio.html;En el espacio;En el espacio
leiva\expertos.html;Expertos;Expertos
leiva\extasis.html;Éxtasis;Éxtasis
leiva\flecha.html;Flecha;Flecha
leiva\francesita.html;Francesita;Francesita
leiva\godzilla.html;Godzilla;Godzilla
leiva\guerra_mundial.html;Guerra mundial;Guerra mundial
leiva\hermosa_taquicardia.html;Hermosa taquicardia;Hermosa taquicardia
leiva\histericos.html;Histéricos;Histéricos
leiva\hoy_no_me_encuentro.html;Hoy no me encuentro;Hoy no me encuentro
leiva\hoy_tus_ojos.html;Hoy tus ojos;Hoy tus ojos
leiva\iceberg.html;Iceberg;Iceberg
leiva\inertes.html;Inertes;Inertes
leiva\infinitos.html;Infinitos;Infinitos
leiva\las_cuentas.html;Las cuentas;Las cuentas
leiva\la_llamada.html;La llamada;La llamada
leiva\la_lluvia_en_los_zapatos.html;La lluvia en los zapatos;La lluvia en los zapatos
leiva\llegara.html;Llegará;Llegará
leiva\lobos.html;Lobos;Lobos
leiva\los_cantantes.html;Los cantantes;Los cantantes
leiva\maniobras_suicidas.html;Maniobras suicidas;Maniobras suicidas
leiva\medicina.html;Medicina;Medicina
leiva\miedo.html;Miedo;Miedo
leiva\mirada_perdida.html;Mirada perdida;Mirada perdida
leiva\mi_mejor_version.html;Mi mejor versión;Mi mejor versión
leiva\mi_pequeno_chernobil.html;Mi pequeño Chernóbil;Mi pequeño Chernóbil
leiva\monstruos.html;Monstruos;Monstruos
leiva\no_soy_para_ti.html;No soy para ti;No soy para ti
leiva\no_te_preocupes_por_mi.html;No te preocupes por mí;No te preocupes por mí
leiva\nuclear.html;Nuclear;Nuclear
leiva\nunca_nadie.html;Nunca nadie;Nunca nadie
leiva\palermo_no_es_hollywood.html;Palermo no es Hollywood;Palermo no es Hollywood
leiva\palomas.html;Palomas;Palomas
leiva\partido_a_partido.html;Partido a partido;Partido a partido
leiva\peligrosamente_dark.html;Peligrosamente dark;Peligrosamente dark
leiva\penaltis.html;Penaltis;Penaltis
leiva\polvora.html;Pólvora;Pólvora
leiva\premio_de_consolacion.html;Premio de consolación;Premio de consolación
leiva\san_sebastian_madrid.html;San Sebastián – Madrid;San Sebastián – Madrid
leiva\sincericidio.html;Sincericidio;Sincericidio
leiva\sixteen.html;Sixteen;Sixteen
leiva\solaris.html;Solaris;Solaris
leiva\stranger_things.html;Stranger things;Stranger things
leiva\sudando_la_tristeza.html;Sudando la tristeza;Sudando la tristeza
leiva\superpoderes.html;Superpoderes;Superpoderes
leiva\telediario.html;Telediario;Telediario
leiva\terriblemente_cruel.html;Terriblemente cruel;Terriblemente cruel
leiva\te_comeria_a_versos.html;Te comería a versos;Te comería a versos
leiva\todo_lo_que_tu_quieras.html;Todo lo que tú quieras;Todo lo que tú quieras
leiva\tu_respiracion.html;Tu respiración;Tu respiración
leiva\vertigo.html;Vértigo;Vértigo
leiva\vis_a_vis.html;Vis a vis;Vis a vis
lovg\20_de_enero.html;20 de enero;20 de enero
lovg\abrazame.html;Abrázame;Abrázame
lovg\acantilado.html;Acantilado;Acantilado
lovg\adios.html;Adiós;Adiós
lovg\amores_dormidos.html;Amores dormidos;Amores dormidos
lovg\apareces_tu.html;Apareces tú;Apareces tú
lovg\aquella_ingrata.html;Aquella ingrata;Aquella ingrata
lovg\a_diez_centimetros_de_ti.html;A diez centímetros de ti;A diez centímetros de ti
lovg\bonustrack.html;Bonustrack;Bonustrack
lovg\camino_de_tu_corazon.html;Camino de tu corazón;Camino de tu corazón
lovg\cancion_desesperada.html;Canción desesperada;Canción desesperada
lovg\cometas_por_el_cielo.html;Cometas por el cielo;Cometas por el cielo
lovg\como_un_par_de_girasoles.html;Como un par de girasoles;Como un par de girasoles
lovg\coronel.html;Coronel;Coronel
lovg\cuando_dices_adios.html;Cuando dices adiós;Cuando dices adiós
lovg\cuando_menos_lo_merezca.html;Cuando menos lo merezca;Cuando menos lo merezca
lovg\cuantos_cuentos_cuento.html;Cuántos cuentos cuento;Cuántos cuentos cuento
lovg\cuentame_al_oido.html;Cuéntame al oído;Cuéntame al oído
lovg\cuidate.html;Cuídate;Cuídate
lovg\cumplir_un_año_menos.html;Cumplir un año menos;Cumplir un año menos
lovg\dejate_llevar.html;Déjate llevar;Déjate llevar
lovg\desde_el_puerto.html;Desde el puerto;Desde el puerto
lovg\deseos_de_cosas_imposibles.html;Deseos de cosas imposibles;Deseos de cosas imposibles
lovg\despacio.html;Despacio;Despacio
lovg\dia_cero.html;Día cero;Día cero
lovg\dicen_que_dicen.html;Día cero;Día cero
lovg\diciembre.html;Diciembre;Diciembre
lovg\dile_al_sol.html;Dile al Sol;Dile al Sol
lovg\doblar_y_comprender.html;Doblar y comprender;Doblar y comprender
lovg\dos_copos_de_nieve.html;Dos copos de nieve;Dos copos de nieve
lovg\dos_cristales.html;Dos cristales;Dos cristales
lovg\dulce_locura.html;Dulce locura;Dulce locura
lovg\durante_una_mirada.html;Durante una mirada;Durante una mirada
lovg\el_28.html;El 28;El 28
lovg\el_libro.html;El libro;El libro
lovg\el_primer_dia_del_resto_de_mi_vida.html;El primer día del resto de mi vida;El primer día del resto de mi vida
lovg\el_tiempo.html;El tiempo;El tiempo
lovg\el_tiempo_a_solas.html;El tiempo a solas;El tiempo a solas
lovg\el_ultimo_vals.html;El último vals;El último vals
lovg\en_mi_lado_del_sofa.html;En mi lado del sofá;En mi lado del sofá
lovg\esa_chica.html;Esa chica;Esa chica
lovg\escapar.html;Escapar;Escapar
lovg\esta_vez_no_digas_nada.html;Esta vez no digas nada;Esta vez no digas nada
lovg\estoy_contigo.html;Estoy contigo;Estoy contigo
lovg\europa_vii.html;Europa VII;Europa VII
lovg\flash.html;Flash;Flash
lovg\flores_en_la_orilla.html;Flores en la orilla;Flores en la orilla
lovg\galerna.html;Galerna;Galerna
lovg\geografia.html;Geografía;Geografía
lovg\historia_de_un_sueño.html;Historia de un sueño;Historia de un sueño
lovg\inmortal.html;Inmortal;Inmortal
lovg\intocables.html;Intocables;Intocables
lovg\irreversible.html;Irreversible;Irreversible
lovg\jueves.html;Jueves;Jueves
lovg\las_noches_que_no_mueren.html;Las noches que no mueren;Las noches que no mueren
lovg\la_carta.html;La carta;La carta
lovg\la_chica_del_espejo.html;La chica del espejo;La chica del espejo
lovg\la_chica_del_gorro_azul.html;La chica del gorro azul;La chica del gorro azul
lovg\la_esperanza_debida.html;La esperanza debida;La esperanza debida
lovg\la_luz_que_nace_en_ti.html;La luz que nace en ti;La luz que nace en ti
lovg\la_niña_que_llora_en_tus_fiestas.html;La niña que llora en tus fiestas;La niña que llora en tus fiestas
lovg\la_paz_de_tus_ojos.html;La paz de tus ojos;La paz de tus ojos
lovg\la_playa.html;La playa;La playa
lovg\la_primera_version.html;La primera versión;La primera versión
lovg\la_visita.html;La visita;La visita
lovg\los_amantes_del_circulo_polar.html;Los amantes del círculo polar;Los amantes del círculo polar
lovg\lo_ves.html;¿Lo ves?;¿Lo ves?
lovg\manhattan.html;Manhattan;Manhattan
lovg\maria.html;María;María
lovg\mariposa.html;Mariposa;Mariposa
lovg\mas.html;Más;Más
lovg\menos_tu.html;Menos tú;Menos tú
lovg\me_falta_el_aire.html;Me falta el aire;Me falta el aire
lovg\me_voy_de_fiesta.html;Me voy de fiesta;Me voy de fiesta
lovg\mientras_quede_por_decir_una_palabra.html;Mientras quede por decir una palabra;Mientras quede por decir una palabra
lovg\mi_calle_es_nueva_york.html;Mi calle es Nueva York;Mi calle es Nueva York
lovg\mi_pequeño_gran_valiente.html;Mi pequeño gran valiente;Mi pequeño gran valiente
lovg\mi_vida_sin_ti.html;Mi vida sin ti;Mi vida sin ti
lovg\muñeca_de_trapo.html;Muñeca de trapo;Muñeca de trapo
lovg\nadie_como_tu.html;Nadie como tú;Nadie como tú
lovg\noche.html;Noche;Noche
lovg\no_vales_mas_que_yo.html;No vales más que yo;No vales más que yo
lovg\nube.html;Nube;Nube
lovg\nuestro_mundo.html;Nuestro mundo;Nuestro mundo
lovg\otra_vez_me_has_sacado_a_bailar.html;Otra vez me has sacado a bailar;Otra vez me has sacado a bailar
lovg\palabras_para_paula.html;Palabras para Paula;Palabras para Paula
lovg\palida_luna.html;Pálida luna;Pálida luna
lovg\paloma_blanca.html;Paloma blanca;Paloma blanca
lovg\paris.html;París;París
lovg\perdida.html;Perdida;Perdida
lovg\perdoname.html;Perdóname;Perdóname
lovg\pesadilla.html;Pesadilla;Pesadilla
lovg\pop.html;Pop;Pop
lovg\promesas_de_primavera.html;Promesas de primavera;Promesas de primavera
lovg\puedes_contar_conmigo.html;Puedes contar conmigo;Puedes contar conmigo
lovg\que_puedo_pedir.html;Qué puedo pedir;Qué puedo pedir
lovg\rosas.html;Rosas;Rosas
lovg\siempre.html;Siempre;Siempre
lovg\sirenas.html;Sirenas;Sirenas
lovg\sola.html;Sola;Sola
lovg\soledad.html;Soledad;Soledad
lovg\soñare.html;Soñaré;Soñaré
lovg\tantas_cosas_que_contar.html;Tantas cosas que contar;Tantas cosas que contar
lovg\tan_guapa.html;Tan guapa;Tan guapa
lovg\te_pareces_tanto_a_mi.html;Te pareces tanto a mí;Te pareces tanto a mí
lovg\tic_tac.html;Tic, tac;Tic, tac
lovg\tu_pelo.html;Tu pelo;Tu pelo
lovg\tu_y_yo.html;Tú y yo;Tú y yo
lovg\una_y_otra_vez.html;Una y otra vez;Una y otra vez
lovg\un_cuento_sobre_el_agua.html;Un cuento sobre el agua;Un cuento sobre el agua
lovg\un_minuto_mas.html;Un minuto más;Un minuto más
lovg\un_mundo_mejor.html;Un mundo mejor;Un mundo mejor
lovg\verano.html;Verano;Verano
lovg\vestido_azul.html;Vestido azul;Vestido azul
lovg\viejo_cuento.html;Viejo cuento;Viejo cuento
lovg\vuelve.html;Vuelve;Vuelve
lovg\v_o_s.html;V.O.S.;V.O.S.
marea\aceitunero.html;Aceitunero;Aceitunero
marea\alfileres.html;Alfileres;Alfileres
marea\al_culo_de_una_lombriz.html;Al culo de una lombriz;Al culo de una lombriz
marea\amor_temporero.html;Amor temporero;Amor temporero
marea\angeles_del_suelo.html;Ángeles del suelo;Ángeles del suelo
marea\barniz.html;Barniz;Barniz
marea\bienvenido_al_secadero.html;Bienvenido al secadero;Bienvenido al secadero
marea\buena_muerte.html;Buena muerte;Buena muerte
marea\canaleros.html;Canaleros;Canaleros
marea\canto_de_tierra_seca.html;Canto de tierra seca;Canto de tierra seca
marea\ceniciento.html;Ceniciento;Ceniciento
marea\cespellejo.html;Cespellejo;Cespellejo
marea\ciudad_de_los_gitanos.html;Ciudad de los gitanos;Ciudad de los gitanos
marea\como_el_viento_de_poniente.html;Como el viento de poniente;Como el viento de poniente
marea\como_los_trileros.html;Como los trileros;Como los trileros
marea\como_quiere_tu_abuelita.html;Como quiere tu abuelita;Como quiere tu abuelita
marea\con_la_camisa_rota.html;Con la camisa rota;Con la camisa rota
marea\copla_del_precipicio.html;Copla del precipicio;Copla del precipicio
marea\corazon_de_mimbre.html;Corazón de mimbre;Corazón de mimbre
marea\cos_alpargatas.html;Cos alpargatas;Cos alpargatas
marea\cuerme_conmigo.html;Cuerme conmigo;Cuerme conmigo
marea\el_dia_que_lluevan_pianos.html;El día que lluevan pianos;El día que lluevan pianos
marea\el_hijo_de_la_ines.html;El hijo de la Inés;El hijo de la Inés
marea\el_mas_sucio_de_los_nombres.html;El más sucio de los nombres;El más sucio de los nombres
marea\el_perro_verde.html;El perro verde;El perro verde
marea\el_rastro.html;El rastro;El rastro
marea\el_temblor.html;El temblor;El temblor
marea\el_trapecio.html;El trapecio;El trapecio
marea\entre_hormigones.html;Entre hormigones;Entre hormigones
marea\en_las_encias.html;En las encías;En las encías
marea\en_tu_agujero.html;En tu agujero;En tu agujero
marea\esta_puta_soledad.html;Esta puta soledad;Esta puta soledad
marea\g_caballo.html;G caballo;G caballo
marea\g_la_mierda_primavera.html;G la mierda, primavera;G la mierda, primavera
marea\incandescente.html;Incandescente;Incandescente
marea\jindama.html;Jindama;Jindama
marea\las_ultimas_habitaciones.html;Las últimas habitaciones;Las últimas habitaciones
marea\latido_jondo.html;Latido jondo;Latido jondo
marea\la_grillera.html;La grillera;La grillera
marea\la_hora_de_las_moscas.html;La hora de las moscas;La hora de las moscas
marea\la_luna_me_sabe_a_poco.html;La luna me sabe a poco;La luna me sabe a poco
marea\la_majada.html;La majada;La majada
marea\la_noche_de_viernes_santo.html;La noche de Viernes Santo;La noche de Viernes Santo
marea\la_rueca.html;La rueca;La rueca
marea\lija_y_terciopelo.html;Lija y terciopelo;Lija y terciopelo
marea\los_mismos_clavos.html;Los mismos clavos;Los mismos clavos
marea\lo_habido.html;Lo habido;Lo habido
marea\manuela_canta_saetas.html;Manuela canta saetas;Manuela canta saetas
marea\marea.html;Marea;Marea
marea\mas_me_duele_a_mi.html;Más me duele a mí;Más me duele a mí
marea\me_corten_la_lengua.html;Me corten la lengua;Me corten la lengua
marea\me_estoy_quedando_solo.html;Me estoy quedando solo;Me estoy quedando solo
marea\mierda_y_cuchara.html;Mierda y cuchara;Mierda y cuchara
marea\mil_quilates.html;Mil quilates;Mil quilates
marea\mojama.html;Mojama;Mojama
marea\muchas_lanzas.html;Muchas lanzas;Muchas lanzas
marea\nana_del_quebranto.html;Nana del quebranto;Nana del quebranto
marea\no_quiero_ser_un_poeta.html;No quiero ser un poeta;No quiero ser un poeta
marea\nuestra_fosa.html;Nuestra fosa;Nuestra fosa
marea\ocho_mares.html;Ocho mares;Ocho mares
marea\ojala_me_quieras_libre.html;Ojalá me quieras libre;Ojalá me quieras libre
marea\otra_cicatriz.html;Otra cicatriz;Otra cicatriz
marea\pajaros_viejos.html;Pájaros viejos;Pájaros viejos
marea\pan_duro.html;Pan duro;Pan duro
marea\pecadores.html;Pecadores;Pecadores
marea\pedimento.html;Pedimento;Pedimento
marea\petenera.html;Petenera;Petenera
marea\plomo_en_los_bolsillos.html;Plomo en los bolsillos;Plomo en los bolsillos
marea\por_cuatro_perras.html;Por cuatro perras;Por cuatro perras
marea\prima_tristeza.html;Prima tristeza;Prima tristeza
marea\quejios.html;Quejíos;Quejíos
marea\que_se_joda_el_viento.html;Que se joda el viento;Que se joda el viento
marea\romance_de_jose_etxailarena.html;Romance de José Etxailarena;Romance de José Etxailarena
marea\se_acaba_el_baile.html;Se acaba el baile;Se acaba el baile
marea\si_viene_la_pestani.html;Si viene la pestañí;Si viene la pestañí
marea\sobran_bueyes.html;Sobran bueyes;Sobran bueyes
marea\te_voy_a_decir_la_verdad.html;Te voy a decir la verdad;Te voy a decir la verdad
marea\trasegando.html;Trasegando;Trasegando
marea\un_hierro_sin_domar.html;Un hierro sin domar;Un hierro sin domar
marea\venas_con_humo_y_palabras.html;Venas con humo y palabras;Venas con humo y palabras
marea\virgen_del_fracaso.html;Virgen del fracaso;Virgen del fracaso
marea\ya_lo_dijo_camaron.html;Ya lo dijo Camarón;Ya lo dijo Camarón
otros\alberto_martin_desenfocar_el_mundo.html;Alberto Martín – Desenfocar el mundo;Alberto Martín – Desenfocar el mundo
otros\antonio_vega_el_sitio_de_mi_recreo.html;Antonio Vega – El sitio de mi recreo;Antonio Vega – El sitio de mi recreo
otros\antonio_vega_lucha_de_gigantes.html;Antonio Vega – Lucha de gigantes;Antonio Vega – Lucha de gigantes
otros\complices_es_por_ti.html;Cómplices – Es por ti;Cómplices – Es por ti
otros\extremoduro_bri_bri_bli_bli.html;Extremoduro – Bri bri bli bli;Extremoduro – Bri bri bli bli
otros\extremoduro_dulce_introduccion_al_caos.html;Extremoduro – Dulce introducción al caos;Extremoduro – Dulce introducción al caos
otros\extremoduro_golfa.html;Extremoduro – Golfa;Extremoduro – Golfa
otros\extremoduro_jesucristo_garcia.html;Extremoduro – Jesucristo García;Extremoduro – Jesucristo García
otros\extremoduro_la_vereda_de_la_puerta_de_atras.html;Extremoduro – La vereda de la puerta de atrás;Extremoduro – La vereda de la puerta de atrás
otros\extremoduro_quemando_tus_recuerdos.html;Extremoduro – Quemando tus recuerdos;Extremoduro – Quemando tus recuerdos
otros\extremoduro_si_te_vas.html;Extremoduro – Si te vas;Extremoduro – Si te vas
otros\extremoduro_so_payaso.html;Extremoduro – So payaso;Extremoduro – So payaso
otros\extremoduro_standby.html;Extremoduro – Standby;Extremoduro – Standby
otros\itoiz_lau_teilatu.html;Itoiz – Lau teilatu;Itoiz – Lau teilatu
otros\izal_a.html;Izal – A;Izal – A
otros\izal_cancion_para_nadie.html;Izal – Canción para nadie;Izal – Canción para nadie
otros\izal_conclusion_en_do_para_ukelele.html;Izal – Conclusión en do para ukelele;Izal – Conclusión en do para ukelele
otros\izal_copacabana.html;Izal – Copacabana;Izal – Copacabana
otros\izal_la_mujer_de_verde.html;Izal – La mujer de verde;Izal – La mujer de verde
otros\izal_pausa.html;Izal – Pausa;Izal – Pausa
otros\izal_pequena_gran_revolucion.html;Izal – Pequeña gran revolución;Izal – Pequeña gran revolución
otros\izal_que_bien.html;Izal – Qué bien;Izal – Qué bien
otros\izal_suenos_lentos_aviones_veloces.html;Izal – Sueños lentos, aviones veloces;Izal – Sueños lentos, aviones veloces
otros\jorge_drexler_a.html;Jorge Drexler – A;Jorge Drexler – A
otros\luis_ramiro_a.html;Luis Ramiro – A;Luis Ramiro – A
otros\luis_ramiro_el_monstruo_del_armario.html;Luis Ramiro – El monstruo del armario;Luis Ramiro – El monstruo del armario
otros\luis_ramiro_la_sirena.html;Luis Ramiro – La sirena;Luis Ramiro – La sirena
otros\luis_ramiro_perfecta.html;Luis Ramiro – Perfecta;Luis Ramiro – Perfecta
otros\marwan_a.html;Marwan – A;Marwan – A
otros\mocedades_la_otra_espana.html;Mocedades – La otra España;Mocedades – La otra España
otros\mocedades_tomame_o_dejame.html;Mocedades – Tómame o déjame;Mocedades – Tómame o déjame
otros\pablo_milanes_si_ella_me_faltara_alguna_vez.html;Pablo Milanés – Si ella me faltara alguna vez;Pablo Milanés – Si ella me faltara alguna vez
otros\paco_bello_no_sabes_cuanto_te_he_querido.html;Paco Bello – No sabes cuánto te he querido;Paco Bello – No sabes cuánto te he querido
otros\quique_gonzalez_charo.html;Quique González – Charo;Quique González – Charo
otros\quique_gonzalez_de_haberlo_sabido.html;Quique González – De haberlo sabido;Quique González – De haberlo sabido
otros\quique_gonzalez_la_fabrica.html;Quique González – La fábrica;Quique González – La fábrica
otros\quique_gonzalez_salitre.html;Quique González – Salitre;Quique González – Salitre
otros\quique_gonzalez_sangre_en_el_marcador.html;Quique González – Sangre en el marcador;Quique González – Sangre en el marcador
otros\quique_gonzalez_y_los_conserjes_de_noche.html;Quique González – Y los conserjes de noche;Quique González – Y los conserjes de noche
otros\vicky_gastelo_aunque_no_sea_yo.html;Vicky Gastelo – Aunque no sea yo;Vicky Gastelo – Aunque no sea yo
pereza\4_y_26.html;4 y 26;4 y 26
pereza\aguardiente.html;Aguardiente;Aguardiente
pereza\algo_para_cantar.html;Algo para cantar;Algo para cantar
pereza\amelie.html;Amelie;Amelie
pereza\animales.html;***Animales;***Animales
pereza\aproximacion.html;Aproximación;Aproximación
pereza\astronauta.html;***Astronauta;***Astronauta
pereza\ay.html;***Ay;***Ay
pereza\backstage.html;Backstage;Backstage
pereza\beatles.html;Beatles;Beatles
pereza\bicho.html;Bicho;Bicho
pereza\caramelo.html;Caramelo;Caramelo
pereza\champagne.html;Champagne;Champagne
pereza\como_lo_tienes_tu.html;Como lo tienes tú;Como lo tienes tú
pereza\como_un_huracan.html;Como un huracán;Como un huracán
pereza\contento_por_nada.html;Contento por nada;Contento por nada
pereza\cuatro_rosas.html;Cuatro rosas;Cuatro rosas
pereza\dale_a_la_guitarra.html;Dale a la guitarra;Dale a la guitarra
pereza\dimelo.html;Dímelo;Dímelo
pereza\dos_gotas.html;Dos gotas;Dos gotas
pereza\ella_tiene_un_don.html;Ella tiene un don;Ella tiene un don
pereza\el_bar_de_la_esquina.html;***El bar de la esquina;***El bar de la esquina
pereza\el_dia_que_no_pueda_mas.html;El día que no pueda más;El día que no pueda más
pereza\el_globo.html;***El globo;***El globo
pereza\en_donde_estes.html;En donde estés;En donde estés
pereza\en_una_noche_cualquiera.html;En una noche cualquiera;En una noche cualquiera
pereza\escupe.html;Escupe;Escupe
pereza\esta_lloviendo.html;Está lloviendo;Está lloviendo
pereza\estrella_polar.html;Estrella polar;Estrella polar
pereza\fragiles.html;Frágiles;Frágiles
pereza\grupis.html;Grupis;Grupis
pereza\hazmelo.html;Házmelo;Házmelo
pereza\horoscopo.html;Horóscopo;Horóscopo
pereza\huracan.html;Huracán;Huracán
pereza\lady_madrid.html;Lady Madrid;Lady Madrid
pereza\la_chica_del_tirso.html;La chica del Tirso;La chica del Tirso
pereza\la_noria.html;La noria;La noria
pereza\leones.html;Leones;Leones
pereza\llevame_al_baile.html;Llévame al baile;Llévame al baile
pereza\lo_que_tengo_yo_adentro.html;Lo que tengo yo adentro;Lo que tengo yo adentro
pereza\madrid.html;Madrid;Madrid
pereza\margot.html;Margot;Margot
pereza\matar_al_cartero.html;Matar al cartero;Matar al cartero
pereza\musica_ligera.html;Música ligera;Música ligera
pereza\nina_de_papa.html;Niña de papá;Niña de papá
pereza\pelos_de_punta.html;Pelos de punta;Pelos de punta
pereza\perdona_mona.html;Perdona, mona;Perdona, mona
pereza\pienso_en_aquella_tarde.html;Pienso en aquella tarde;Pienso en aquella tarde
pereza\pirata.html;Pirata;Pirata
pereza\pompa_de_jabon.html;Pompa de jabón;Pompa de jabón
pereza\por_mi_tripa.html;Por mi tripa;Por mi tripa
pereza\princesas.html;Princesas;Princesas
pereza\que_alegria_mas_tonta.html;Qué alegría más tonta;Qué alegría más tonta
pereza\que_parezca_un_accidente.html;Que parezca un accidente;Que parezca un accidente
pereza\quiero_hacerlo_esta_noche_contigo.html;Quiero hacerlo esta noche contigo;Quiero hacerlo esta noche contigo
pereza\senor_kioskero.html;Señor kioskero;Señor kioskero
pereza\seras_aun_la_misma.html;Serás aún la misma;Serás aún la misma
pereza\si_quieres_bailamos.html;Si quieres bailamos;Si quieres bailamos
pereza\superhermanas.html;Superhermanas;Superhermanas
pereza\superjunkies.html;Superjunkies;Superjunkies
pereza\taliban.html;Talibán;Talibán
pereza\tirando_de_tu_corazon.html;Tirando de tu corazón;Tirando de tu corazón
pereza\todo.html;Todo;Todo
pereza\todo_saldra_bien.html;Todo saldrá bien;Todo saldrá bien
pereza\tristeza.html;Tristeza;Tristeza
pereza\tu_infierno.html;Tu infierno;Tu infierno
pereza\tu_que_tal.html;Tú qué tal;Tú qué tal
pereza\tv.html;TV;TV
pereza\una_china_en_mi_zapato.html;Una china en mi zapato;Una china en mi zapato
pereza\violento_amor.html;Violento amor;Violento amor
pereza\voy_a_comerte.html;Voy a comerte;Voy a comerte
pereza\windsor.html;Windsor;Windsor
pereza\yeah.html;Yeah;Yeah
pereza\yo_naci_para_estar_en_un_conjunto.html;Yo nací para estar en un conjunto;Yo nací para estar en un conjunto
pereza\yo_solo_quiero.html;Yo sólo quiero;Yo sólo quiero
revolver\21_gramos.html;21 gramos;21 gramos
revolver\5_estrellas.html;5 estrellas;5 estrellas
revolver\adictos_a_la_euforia.html;Adictos a la euforia;Adictos a la euforia
revolver\al_infierno_sin_papeles.html;Al infierno sin papeles;Al infierno sin papeles
revolver\angeles_de_alas_sucias.html;Ángeles de alas sucias;Ángeles de alas sucias
revolver\asustando_al_huracan.html;Asustando al huracán;Asustando al huracán
revolver\ay_amor.html;Ay, amor;Ay, amor
revolver\azul.html;Azul;Azul
revolver\a_contratiempo.html;A contratiempo;A contratiempo
revolver\babilonia.html;Babilonia;Babilonia
revolver\bailando_en_la_frontera.html;Bailando en la frontera;Bailando en la frontera
revolver\balas_perdidas.html;Balas perdidas;Balas perdidas
revolver\beguine.html;Beguine;Beguine
revolver\besare_el_suelo.html;Besaré al suelo;Besaré al suelo
revolver\besos_de_contrabando.html;Besos de contrabando;Besos de contrabando
revolver\blackjack.html;BlackJack;BlackJack
revolver\cada_dia.html;BlackJack;BlackJack
revolver\calle_mayor.html;Calle Mayor;Calle Mayor
revolver\calor_y_tiempo.html;Calle Mayor;Calle Mayor
revolver\camisa_de_once_varas_(seguridad_social).html;Camisa de once varas (Seguridad Social);Camisa de once varas (Seguridad Social)
revolver\campanilla.html;Campanilla;Campanilla
revolver\carreteras_secundarias.html;Carreteras secundarias;Carreteras secundarias
revolver\cerrare_los_ojos.html;Cerraré los ojos;Cerraré los ojos
revolver\clarisa.html;Clarisa;Clarisa
revolver\como_unico_equipaje.html;Como único equipaje;Como único equipaje
revolver\cuando_todo_va_bien.html;Cuando todo va bien;Cuando todo va bien
revolver\dame.html;Dame;Dame
revolver\dentro_de_ti.html;Dentro de ti;Dentro de ti
revolver\deprimencia.html;Dentro de ti;Dentro de ti
revolver\desde_que_no_estas_aqui.html;Desde que no estás aquí;Desde que no estás aquí
revolver\dias_de_vino_y_rosas.html;Desde que no estás aquí;Desde que no estás aquí
revolver\dime_como_lo_hago_yo.html;Dime cómo lo hago yo;Dime cómo lo hago yo
revolver\dime_por_que.html;Dime por qué;Dime por qué
revolver\donde_esta_el_final.html;Dónde está el final;Dónde está el final
revolver\dos_por_dos.html;Dos por dos;Dos por dos
revolver\duro_de_llevar.html;Duro de llevar;Duro de llevar
revolver\ella_es_y_sera_todo_para_mi.html;Ella es y será todo para mí;Ella es y será todo para mí
revolver\el_aire_sabe_a_veneno.html;El aire sabe a veneno;El aire sabe a veneno
revolver\el_anillo_de_boda.html;El anillo de boda;El anillo de boda
revolver\el_boulevard_de_los_idiotas.html;El boulevard de los idiotas;El boulevard de los idiotas
revolver\el_canal.html;El canal;El canal
revolver\el_dorado.html;El Dorado;El Dorado
revolver\el_mismo_hombre.html;El mismo hombre;El mismo hombre
revolver\el_otoño_esta_al_caer.html;El otoño está al caer;El otoño está al caer
revolver\el_peligro.html;El peligro;El peligro
revolver\el_roce_de_tu_piel.html;El roce de tu piel;El roce de tu piel
revolver\el_unico_espectador.html;El único espectador;El único espectador
revolver\entre_las_nubes.html;Entre las nubes;Entre las nubes
revolver\en_blanco_y_negro.html;En blanco y negro;En blanco y negro
revolver\en_un_mundo_de_dos.html;En un mundo de dos;En un mundo de dos
revolver\esclavo_de_tu_amor.html;Esclavo de tu amor;Esclavo de tu amor
revolver\ese_viejo_rock_n_roll.html;Ese viejo rock'n'roll;Ese viejo rock'n'roll
revolver\eso_de_saber.html;Eso de saber;Eso de saber
revolver\esperando_mi_tren.html;Esperando mi tren;Esperando mi tren
revolver\esta_ciudad.html;Esta ciudad;Esta ciudad
revolver\esta_guerra_tuya_y_mia.html;Esta guerra tuya y mía;Esta guerra tuya y mía
revolver\esta_noche.html;Esta noche;Esta noche
revolver\esta_noche_a_mis_pies.html;Esta noche a mis pies;Esta noche a mis pies
revolver\esta_noche_tengo_mas_de_lo_normal.html;Esta noche tengo más de lo normal;Esta noche tengo más de lo normal
revolver\es_lo_que_es_hay_lo_que_hay.html;Es lo que es, hay lo que hay;Es lo que es, hay lo que hay
revolver\es_mejor_caminar.html;Es mejor caminar;Es mejor caminar
revolver\faro_de_lisboa.html;Faro de Lisboa;Faro de Lisboa
revolver\frio_en_madrid.html;Frío en Madrid;Frío en Madrid
revolver\fuera_de_lugar.html;Fuera de lugar;Fuera de lugar
revolver\gargantas_y_desfiladeros.html;Gargantas y desfiladeros;Gargantas y desfiladeros
revolver\hay_besos.html;Hay besos;Hay besos
revolver\he_de_salir.html;He de salir;He de salir
revolver\intentando_vadear.html;Intentando vadear;Intentando vadear
revolver\johnny_and_mary.html;Johnny and Mary;Johnny and Mary
revolver\las_armas_rotas.html;Las armas rotas;Las armas rotas
revolver\las_calles_de_madrid.html;Las calles de Madrid;Las calles de Madrid
revolver\la_carretera.html;La carretera;La carretera
revolver\la_flor_mas_bella.html;La flor más bella;La flor más bella
revolver\la_fortuna.html;La fortuna;La fortuna
revolver\la_luna_se_esconde.html;La luna se esconde;La luna se esconde
revolver\la_moral_mora_en_la_moneda.html;La moral mora en la moneda;La moral mora en la moneda
revolver\la_rosa_y_la_cruz.html;La rosa y la cruz;La rosa y la cruz
revolver\la_sonrisa_de_tu_boca.html;La sonrisa de tu boca;La sonrisa de tu boca
revolver\la_vanidad.html;La vanidad;La vanidad
revolver\lecho_de_rosas.html;Lecho de rosas;Lecho de rosas
revolver\lisa_y_fran.html;Lisa y Fran;Lisa y Fran
revolver\los_surcos_de_tu_espalda.html;Los surcos de tu espalda;Los surcos de tu espalda
revolver\los_tres_caballeros.html;Los tres caballeros;Los tres caballeros
revolver\lo_que_ana_ve.html;Lo que Ana ve;Lo que Ana ve
revolver\lo_que_me_hace_feliz.html;Lo que me hace feliz;Lo que me hace feliz
revolver\magnolia_lane.html;Magnolia Lane;Magnolia Lane
revolver\malvarrosa_affaire.html;Malvarrosa Affaire;Malvarrosa Affaire
revolver\manos_arriba.html;Manos arriba;Manos arriba
revolver\marineros_varados.html;Marineros varados;Marineros varados
revolver\mas_por_ellos_que_por_mi.html;Más por ellos que por mí;Más por ellos que por mí
revolver\mas_tequila.html;Más tequila;Más tequila
revolver\mestizo.html;Mestizo;Mestizo
revolver\me_cuesta_tanto_olvidarte.html;Me cuesta tanto olvidarte;Me cuesta tanto olvidarte
revolver\mi_norte_siempre_apunta_al_sur.html;Mi norte siempre apunta al sur;Mi norte siempre apunta al sur
revolver\mi_rendicion.html;Mi rendición;Mi rendición
revolver\mi_revolucion.html;Mi revolución;Mi revolución
revolver\muevete.html;Muévete;Muévete
revolver\mustang_shelby.html;Mustang Shelby;Mustang Shelby
revolver\nacidos_para_la_gloria.html;Nacidos para la gloria;Nacidos para la gloria
revolver\no_escupas_al_suelo.html;No escupas al suelo;No escupas al suelo
revolver\no_hay_mañanas.html;No hay mañanas;No hay mañanas
revolver\no_me_hace_falta_mas.html;No me hace falta más;No me hace falta más
revolver\no_va_mas.html;No va más;No va más
revolver\odio.html;Odio;Odio
revolver\olas_muertas.html;Olas muertas;Olas muertas
revolver\olvide_nuestra_cancion.html;Olvidé nuestra canción;Olvidé nuestra canción
revolver\palabras_sin_nombre.html;Palabras sin nombre;Palabras sin nombre
revolver\perdi_lo_que_no_tuve.html;Perdí lo que no tuve;Perdí lo que no tuve
revolver\petroleros.html;Petroleros;Petroleros
revolver\planeta_prozac.html;Planeta Prozac;Planeta Prozac
revolver\por_un_beso.html;Por un beso;Por un beso
revolver\premios_y_cicatrices.html;Premios y cicatrices;Premios y cicatrices
revolver\princesas_o_mendigos.html;Princesas o mendigos;Princesas o mendigos
revolver\que_sera.html;Qué será;Qué será
revolver\quien_esta_mas_vivo_de_los_dos.html;Quién está más vivo de los dos;Quién está más vivo de los dos
revolver\quiero_aire.html;Quiero aire;Quiero aire
revolver\reconozco_la_frontera.html;Reconozco la frontera;Reconozco la frontera
revolver\reir_y_llorar.html;Reír y llorar;Reír y llorar
revolver\respirando_bajo_el_agua.html;Respirando bajo el agua;Respirando bajo el agua
revolver\revolucion.html;Revolución;Revolución
revolver\rodrigo_y_teresa.html;Rodrigo y Teresa;Rodrigo y Teresa
revolver\rosario.html;Rosario;Rosario
revolver\santa_maria.html;Santa María;Santa María
revolver\san_francisco.html;San Francisco;San Francisco
revolver\san_pedro.html;San Pedro;San Pedro
revolver\sara.html;Sara;Sara
revolver\sin_barcelona.html;Sin Barcelona;Sin Barcelona
revolver\si_es_por_ti.html;Si es por ti;Si es por ti
revolver\si_es_tan_solo_amor.html;Si es tan sólo amor;Si es tan sólo amor
revolver\si_no_hubiera_que_correr.html;Si no hubiera que correr;Si no hubiera que correr
revolver\sol_de_invierno.html;Sol de invierno;Sol de invierno
revolver\soy_como_soy.html;Soy como soy;Soy como soy
revolver\teamotemor.html;Teamotemor;Teamotemor
revolver\tengo_mi_tiempo.html;Tengo mi tiempo;Tengo mi tiempo
revolver\ten_fe_en_mi.html;Ten fe en mí;Ten fe en mí
revolver\te_quiero.html;Te quiero;Te quiero
revolver\tiempo_pequeño.html;Tiempo pequeño;Tiempo pequeño
revolver\tierra_baldia.html;Tierra baldía;Tierra baldía
revolver\todos_somos_capitanes.html;Todos somos capitanes;Todos somos capitanes
revolver\todo_aquello_que_jamas_sere.html;Todo aquello que jamás seré;Todo aquello que jamás seré
revolver\todo_a_pulmon.html;Todo a pulmón;Todo a pulmón
revolver\todo_lo_que_no_se_llora_no_se_limpia.html;Todo lo que no se llora no se limpia;Todo lo que no se llora no se limpia
revolver\tu_camino.html;Tu camino;Tu camino
revolver\tu_cancion.html;Tu canción;Tu canción
revolver\tu_lado_bueno.html;Tu lado bueno;Tu lado bueno
revolver\tu_noche_y_la_mia.html;Tu noche y la mía;Tu noche y la mía
revolver\tu_y_yo.html;Tú y yo;Tú y yo
revolver\una_guerra_feliz.html;Una guerra feliz;Una guerra feliz
revolver\una_lluvia_violenta_y_salvaje.html;Una lluvia violenta y salvaje;Una lluvia violenta y salvaje
revolver\viaje_a_ninguna_parte.html;Viaje a ninguna parte;Viaje a ninguna parte
revolver\vidas.html;Vidas;Vidas
revolver\ya_no_hay_dos_para_cenar.html;Ya no hay dos para cenar;Ya no hay dos para cenar
revolver\y_ahora_que.html;Y ahora que;Y ahora que
revolver\y_del_hombre.html;Y del hombre;Y del hombre
revolver\y_pasa_el_tiempo.html;Y pasa el tiempo;Y pasa el tiempo
sidecars\180_grados.html;180 grados;180 grados
sidecars\adios.html;Adiós;Adiós
sidecars\amasijo_de_huesos.html;Amasijo de huesos;Amasijo de huesos
sidecars\anfetamina.html;Anfetamina;Anfetamina
sidecars\apaga_y_vamonos.html;Apaga y vámonos;Apaga y vámonos
sidecars\atrapado_en_el_tiempo.html;Atrapado en el tiempo;Atrapado en el tiempo
sidecars\a_dia_de_hoy.html;A día de hoy;A día de hoy
sidecars\caballos_salvajes.html;Caballos salvajes;Caballos salvajes
sidecars\canciones_prohibidas.html;Canciones prohibidas;Canciones prohibidas
sidecars\caradura.html;Caradura;Caradura
sidecars\caras_largas.html;Caras largas;Caras largas
sidecars\chavales_de_instituto.html;Chavales de instituto;Chavales de instituto
sidecars\chica_facil.html;Chica fácil;Chica fácil
sidecars\conmigo_o_sin_mi.html;Conmigo o sin mí;Conmigo o sin mí
sidecars\contra_las_cuerdas.html;Contra las cuerdas;Contra las cuerdas
sidecars\costa_da_morte.html;Costa da Morte;Costa da Morte
sidecars\cremalleras.html;Cremalleras;Cremalleras
sidecars\cuando_caigas_en_shock.html;Cuando caigas en shock;Cuando caigas en shock
sidecars\dejalo_sangrar.html;Déjalo sangrar;Déjalo sangrar
sidecars\despues_del_fin.html;Después del fin;Después del fin
sidecars\detras_de_los_focos.html;Detrás de los focos;Detrás de los focos
sidecars\de_pelicula.html;De película;De película
sidecars\dinamita.html;Dinamita;Dinamita
sidecars\el_camino_facil.html;El camino fácil;El camino fácil
sidecars\el_jugador.html;El jugador;El jugador
sidecars\el_monstruo_final.html;El monstruo final;El monstruo final
sidecars\el_pasaje_del_terror.html;El pasaje del terror;El pasaje del terror
sidecars\el_peor_verano.html;El peor verano;El peor verano
sidecars\el_ruido_de_la_calle.html;El ruido de la calle;El ruido de la calle
sidecars\fantasias_delirantes.html;Fantasías delirantes;Fantasías delirantes
sidecars\fan_de_ti.html;Fan de ti;Fan de ti
sidecars\filomena.html;Filomena;Filomena
sidecars\fuego_cruzado.html;Fuego cruzado;Fuego cruzado
sidecars\galaxia.html;Galaxia;Galaxia
sidecars\garabatos.html;Garabatos;Garabatos
sidecars\golpe_de_suerte.html;Golpe de suerte;Golpe de suerte
sidecars\hasta_el_final.html;Hasta el final;Hasta el final
sidecars\la_estampida.html;La estampida;La estampida
sidecars\la_noche_en_calma.html;La noche en calma;La noche en calma
sidecars\la_tormenta.html;La tormenta;La tormenta
sidecars\llueve.html;Llueve;Llueve
sidecars\locos_de_atar.html;Locos de atar;Locos de atar
sidecars\looping_star.html;Looping star;Looping star
sidecars\los_amantes.html;Los amantes;Los amantes
sidecars\luz_de_gas.html;Luz de gas;Luz de gas
sidecars\merecido.html;Merecido;Merecido
sidecars\microinfarto.html;Microinfarto;Microinfarto
sidecars\mienteme.html;Miénteme;Miénteme
sidecars\modo_avion.html;Modo avión;Modo avión
sidecars\mundo_fragil.html;Mundo frágil;Mundo frágil
sidecars\mundo_imperfecto.html;Mundo imperfecto;Mundo imperfecto
sidecars\muy_bien.html;Muy bien;Muy bien
sidecars\noches_de_guardia.html;Noches de guardia;Noches de guardia
sidecars\noche_en_velero.html;Noche en velero;Noche en velero
sidecars\no_vuelvas.html;No vuelvas;No vuelvas
sidecars\olvidame.html;Olvídame;Olvídame
sidecars\pastillas_de_colores.html;Pastillas de colores;Pastillas de colores
sidecars\plan_b.html;Plan B;Plan B
sidecars\polvorosa.html;Polvorosa;Polvorosa
sidecars\precipicios.html;Precipicios;Precipicios
sidecars\quien_sabe.html;Quién sabe;Quién sabe
sidecars\ruido_de_fondo.html;Ruido de fondo;Ruido de fondo
sidecars\salir_a_matar.html;Salir a matar;Salir a matar
sidecars\si_nada_sale_bien.html;Si nada sale bien;Si nada sale bien
sidecars\soledad.html;Soledad;Soledad
sidecars\tan_rapido.html;Tan rápido;Tan rápido
sidecars\todos_mis_males.html;Todos mis males;Todos mis males
sidecars\todo_es_mentira.html;Todo es mentira;Todo es mentira
sidecars\todo_lo_demas.html;Todo lo demás;Todo lo demás
sidecars\trece.html;Trece;Trece
sidecars\tu_mejor_pesadilla.html;Tu mejor pesadilla;Tu mejor pesadilla
sidecars\una_eternidad.html;Una eternidad;Una eternidad
sidecars\un_tipo_elegante.html;Un tipo elegante;Un tipo elegante
sidecars\volando_en_circulos.html;Volando en círculos;Volando en círculos
sidecars\voyeur.html;Voyeur;Voyeur
sidecars\ya_no_tengo_problemas.html;Ya no tengo problemas;Ya no tengo problemas
